date,temperature,humidity,wind_speed,rainfall,weather_condition
2022-01-01,7.0,89.7,19.4,0.0,Cloudy
2022-01-02,3.0,92.5,9.4,0.0,Cloudy
2022-01-03,8.3,83.9,10.9,6.2,Rainy
2022-01-04,8.9,87.7,23.7,28.4,Rainy
2022-01-05,0.2,89.9,16.0,0.0,Cloudy
2022-01-06,2.1,89.0,3.9,0.0,Cloudy
2022-01-07,6.4,84.9,18.8,16.3,Rainy
2022-01-08,5.1,84.8,15.1,0.0,Cloudy
2022-01-09,5.9,84.2,13.7,0.0,Cloudy
2022-01-10,3.4,71.2,11.6,5.1,Rainy
2022-01-11,8.6,85.6,11.8,0.0,Cloudy
2022-01-12,8.4,69.1,14.1,0.7,Sunny
2022-01-13,6.2,73.6,15.5,0.0,Cloudy
2022-01-14,9.4,90.4,18.6,0.0,Cloudy
2022-01-15,7.5,86.6,24.6,10.5,Rainy
2022-01-16,3.5,91.8,13.2,0.0,Cloudy
2022-01-17,7.2,63.5,12.3,0.0,Cloudy
2022-01-18,3.3,70.6,17.6,0.0,Cloudy
2022-01-19,8.8,77.8,15.7,23.5,Rainy
2022-01-20,6.1,80.5,12.4,0.0,Cloudy
2022-01-21,5.7,80.3,19.7,0.0,Cloudy
2022-01-22,4.3,88.7,20.9,0.0,Cloudy
2022-01-23,10.0,76.7,24.5,5.7,Rainy
2022-01-24,5.9,82.3,25.7,0.0,Cloudy
2022-01-25,5.2,71.5,9.8,0.0,Cloudy
2022-01-26,5.5,82.9,15.1,0.0,Cloudy
2022-01-27,8.2,79.3,15.1,0.0,Cloudy
2022-01-28,7.7,73.2,17.4,10.0,Rainy
2022-01-29,8.0,77.2,11.5,1.5,Cloudy
2022-01-30,8.1,77.5,6.1,0.0,Cloudy
2022-01-31,13.3,76.8,15.7,0.0,Cloudy
2022-02-01,5.7,93.0,11.6,3.9,Cloudy
2022-02-02,5.5,77.9,15.5,0.0,Cloudy
2022-02-03,4.7,76.7,10.2,0.0,Cloudy
2022-02-04,9.1,61.7,12.7,14.3,Rainy
2022-02-05,10.7,71.2,17.8,4.6,Cloudy
2022-02-06,7.0,76.2,15.9,0.0,Cloudy
2022-02-07,5.0,72.7,18.5,0.0,Cloudy
2022-02-08,5.1,89.1,28.7,1.9,Cloudy
2022-02-09,9.6,76.6,16.7,0.0,Cloudy
2022-02-10,10.0,88.1,17.9,0.0,Cloudy
2022-02-11,17.6,78.1,8.5,0.0,Cloudy
2022-02-12,6.0,77.8,7.3,0.0,Cloudy
2022-02-13,8.8,76.6,24.5,0.0,Cloudy
2022-02-14,8.6,77.2,9.5,0.0,Cloudy
2022-02-15,9.0,90.8,9.7,3.3,Cloudy
2022-02-16,11.1,58.3,14.8,0.0,Sunny
2022-02-17,9.3,60.7,17.0,8.5,Rainy
2022-02-18,10.8,72.2,9.6,0.0,Cloudy
2022-02-19,9.1,76.5,15.2,6.8,Rainy
2022-02-20,9.9,81.7,22.4,0.0,Cloudy
2022-02-21,11.1,79.8,21.1,36.6,Rainy
2022-02-22,4.9,72.8,6.6,0.0,Cloudy
2022-02-23,8.5,83.8,23.6,9.8,Rainy
2022-02-24,8.2,83.7,18.0,0.0,Cloudy
2022-02-25,7.8,76.8,11.3,0.0,Cloudy
2022-02-26,9.1,82.8,9.2,12.3,Rainy
2022-02-27,14.5,77.1,10.5,0.0,Cloudy
2022-02-28,7.6,70.2,14.7,0.0,Cloudy
2022-03-01,13.3,80.1,22.0,0.0,Cloudy
2022-03-02,5.5,75.2,8.8,0.0,Cloudy
2022-03-03,9.7,74.1,14.5,0.0,Cloudy
2022-03-04,11.4,85.7,20.7,5.4,Rainy
2022-03-05,12.8,54.1,0.7,0.0,Sunny
2022-03-06,13.3,62.2,23.6,8.1,Rainy
2022-03-07,13.8,63.8,7.9,0.0,Sunny
2022-03-08,10.5,70.2,17.0,0.0,Cloudy
2022-03-09,10.3,70.8,16.5,0.0,Cloudy
2022-03-10,14.5,60.6,21.5,0.0,Sunny
2022-03-11,11.5,64.5,18.3,0.0,Sunny
2022-03-12,8.4,65.3,0.7,0.0,Sunny
2022-03-13,9.0,91.6,11.0,2.2,Cloudy
2022-03-14,9.9,86.1,16.0,0.7,Cloudy
2022-03-15,14.3,68.2,13.8,0.0,Sunny
2022-03-16,13.4,68.3,17.9,0.0,Sunny
2022-03-17,15.3,61.8,19.7,0.0,Sunny
2022-03-18,12.1,55.5,25.7,23.5,Rainy
2022-03-19,14.0,63.5,13.7,0.0,Sunny
2022-03-20,15.6,62.3,3.9,0.0,Sunny
2022-03-21,13.0,69.4,14.5,7.3,Rainy
2022-03-22,15.5,57.0,18.8,4.4,Sunny
2022-03-23,12.4,63.5,8.5,0.0,Sunny
2022-03-24,13.4,70.5,18.8,0.0,Cloudy
2022-03-25,13.6,72.0,20.5,0.0,Cloudy
2022-03-26,11.3,72.2,15.8,0.0,Cloudy
2022-03-27,16.6,58.0,0.0,0.0,Sunny
2022-03-28,17.6,75.2,7.3,0.0,Cloudy
2022-03-29,15.6,61.7,26.3,0.0,Sunny
2022-03-30,17.2,72.9,15.7,0.0,Cloudy
2022-03-31,17.3,67.5,3.1,0.0,Sunny
2022-04-01,18.1,56.3,25.5,10.3,Rainy
2022-04-02,16.1,64.5,15.7,1.9,Sunny
2022-04-03,15.3,69.7,21.6,0.0,Sunny
2022-04-04,16.5,71.5,16.7,0.0,Cloudy
2022-04-05,11.9,65.2,17.8,0.0,Sunny
2022-04-06,12.8,78.3,17.2,0.0,Cloudy
2022-04-07,13.4,73.8,20.2,3.5,Cloudy
2022-04-08,14.6,63.5,28.7,0.0,Sunny
2022-04-09,19.0,71.3,20.8,0.0,Cloudy
2022-04-10,15.3,80.5,5.5,0.0,Cloudy
2022-04-11,17.1,80.4,22.6,16.5,Rainy
2022-04-12,22.3,54.7,21.8,0.0,Sunny
2022-04-13,17.6,56.8,22.2,0.0,Sunny
2022-04-14,21.0,75.8,12.4,0.0,Cloudy
2022-04-15,16.2,55.2,22.0,0.0,Sunny
2022-04-16,18.6,52.9,20.6,0.0,Sunny
2022-04-17,16.6,63.5,30.4,0.0,Sunny
2022-04-18,18.6,66.3,10.5,0.0,Sunny
2022-04-19,22.4,61.9,12.0,0.0,Sunny
2022-04-20,14.9,57.2,13.2,0.0,Sunny
2022-04-21,21.6,56.8,12.1,0.0,Sunny
2022-04-22,21.2,56.2,9.7,0.0,Sunny
2022-04-23,18.9,54.6,0.0,0.0,Sunny
2022-04-24,16.5,79.7,12.4,0.0,Cloudy
2022-04-25,21.3,63.5,17.2,0.0,Sunny
2022-04-26,19.7,68.0,12.0,0.0,Sunny
2022-04-27,22.2,56.8,26.6,0.0,Sunny
2022-04-28,21.7,58.9,15.1,0.0,Sunny
2022-04-29,26.7,54.5,22.7,0.0,Sunny
2022-04-30,21.3,38.7,16.6,0.0,Sunny
2022-05-01,19.2,48.7,15.7,0.0,Sunny
2022-05-02,23.0,45.0,16.7,0.0,Sunny
2022-05-03,23.3,41.2,23.2,0.0,Sunny
2022-05-04,26.9,49.4,15.3,0.0,Sunny
2022-05-05,25.5,69.3,18.0,0.0,Sunny
2022-05-06,24.3,58.2,17.2,0.0,Sunny
2022-05-07,27.8,68.6,16.5,10.7,Rainy
2022-05-08,20.0,61.3,17.4,0.0,Sunny
2022-05-09,21.8,64.1,28.4,0.0,Sunny
2022-05-10,21.1,50.4,17.1,12.5,Rainy
2022-05-11,22.9,61.6,17.5,0.0,Sunny
2022-05-12,20.2,63.0,22.5,0.0,Sunny
2022-05-13,26.4,52.3,21.8,0.0,Sunny
2022-05-14,24.0,61.2,15.1,0.0,Sunny
2022-05-15,20.4,61.0,0.7,0.0,Sunny
2022-05-16,21.9,51.9,18.1,0.0,Sunny
2022-05-17,26.1,47.1,1.7,0.0,Sunny
2022-05-18,27.8,46.4,23.8,0.0,Sunny
2022-05-19,31.5,56.4,16.0,0.0,Sunny
2022-05-20,34.4,58.1,21.0,0.0,Sunny
2022-05-21,27.0,48.9,12.9,11.1,Rainy
2022-05-22,23.0,55.3,5.7,0.0,Sunny
2022-05-23,19.7,59.4,16.6,0.0,Sunny
2022-05-24,27.0,59.6,14.8,0.0,Sunny
2022-05-25,24.0,66.9,12.1,0.0,Sunny
2022-05-26,25.3,64.5,15.5,0.0,Sunny
2022-05-27,24.8,46.1,31.6,0.0,Sunny
2022-05-28,26.4,67.4,20.0,0.0,Sunny
2022-05-29,30.2,49.5,21.3,0.0,Sunny
2022-05-30,27.6,62.0,20.1,0.0,Sunny
2022-05-31,26.8,54.0,23.9,0.0,Sunny
2022-06-01,24.3,50.0,13.9,0.0,Sunny
2022-06-02,22.5,38.7,2.7,0.0,Sunny
2022-06-03,26.2,63.5,13.9,0.0,Sunny
2022-06-04,27.6,40.4,19.9,0.0,Sunny
2022-06-05,33.2,60.4,9.2,0.0,Sunny
2022-06-06,28.4,64.7,13.9,0.0,Sunny
2022-06-07,31.0,46.0,10.8,0.0,Sunny
2022-06-08,26.7,54.7,24.0,0.0,Sunny
2022-06-09,24.8,46.3,19.5,0.0,Sunny
2022-06-10,25.5,47.0,18.9,0.0,Sunny
2022-06-11,26.3,58.1,18.7,0.0,Sunny
2022-06-12,35.0,51.4,14.8,0.0,Sunny
2022-06-13,26.2,65.5,16.2,0.0,Sunny
2022-06-14,17.6,47.6,7.9,0.0,Sunny
2022-06-15,26.2,59.4,5.0,10.2,Rainy
2022-06-16,31.8,52.1,15.9,0.0,Sunny
2022-06-17,17.6,57.6,16.9,0.0,Sunny
2022-06-18,28.7,47.5,29.4,23.7,Rainy
2022-06-19,17.6,50.6,25.9,4.9,Sunny
2022-06-20,27.3,50.0,24.4,0.0,Sunny
2022-06-21,30.7,44.1,9.0,0.0,Sunny
2022-06-22,28.0,56.0,12.9,0.0,Sunny
2022-06-23,25.8,55.9,17.9,0.0,Sunny
2022-06-24,25.7,55.3,30.2,0.0,Sunny
2022-06-25,30.1,62.8,23.9,0.0,Sunny
2022-06-26,34.4,62.0,25.9,13.9,Rainy
2022-06-27,30.2,47.4,12.7,0.0,Sunny
2022-06-28,29.4,53.3,9.7,0.0,Sunny
2022-06-29,30.6,45.3,19.7,0.0,Sunny
2022-06-30,33.7,50.4,8.4,0.0,Sunny
2022-07-01,30.5,45.4,13.6,0.0,Sunny
2022-07-02,28.6,63.1,14.3,0.0,Sunny
2022-07-03,33.2,53.0,24.6,0.0,Sunny
2022-07-04,31.2,48.3,12.9,0.0,Sunny
2022-07-05,34.6,59.6,0.4,0.0,Sunny
2022-07-06,30.5,32.7,18.0,0.0,Sunny
2022-07-07,26.3,33.9,10.8,0.0,Sunny
2022-07-08,25.9,56.4,15.3,0.0,Sunny
2022-07-09,35.0,50.5,14.5,0.0,Sunny
2022-07-10,35.2,52.0,13.4,0.0,Sunny
2022-07-11,29.5,39.4,19.7,0.0,Sunny
2022-07-12,28.8,49.8,5.8,0.0,Sunny
2022-07-13,34.4,66.0,11.9,0.0,Sunny
2022-07-14,26.7,56.6,19.1,0.0,Sunny
2022-07-15,27.3,51.4,11.3,0.0,Sunny
2022-07-16,31.9,46.6,5.3,0.0,Sunny
2022-07-17,28.7,46.9,19.0,0.0,Sunny
2022-07-18,29.9,33.1,21.7,0.0,Sunny
2022-07-19,29.4,52.2,14.7,0.0,Sunny
2022-07-20,30.8,57.0,15.7,0.0,Sunny
2022-07-21,34.0,37.7,19.2,0.0,Sunny
2022-07-22,30.0,45.0,5.0,0.0,Sunny
2022-07-23,31.6,41.1,16.9,0.0,Sunny
2022-07-24,23.5,42.7,9.7,0.0,Sunny
2022-07-25,29.5,50.9,8.0,0.0,Sunny
2022-07-26,27.0,33.9,12.3,0.0,Sunny
2022-07-27,25.8,55.5,13.9,0.0,Sunny
2022-07-28,26.8,56.7,11.1,0.0,Sunny
2022-07-29,28.4,48.8,18.5,0.0,Sunny
2022-07-30,32.1,31.0,12.3,0.0,Sunny
2022-07-31,25.3,43.0,20.9,0.0,Sunny
2022-08-01,29.3,60.9,16.7,0.0,Sunny
2022-08-02,27.6,28.9,10.8,0.0,Sunny
2022-08-03,28.0,48.5,9.8,0.0,Sunny
2022-08-04,31.9,41.9,5.1,0.0,Sunny
2022-08-05,30.5,57.9,16.7,0.0,Sunny
2022-08-06,32.8,46.2,12.9,0.0,Sunny
2022-08-07,28.2,54.9,0.8,0.0,Sunny
2022-08-08,26.5,56.3,11.8,0.0,Sunny
2022-08-09,27.8,66.6,9.6,0.0,Sunny
2022-08-10,29.1,50.4,24.5,0.0,Sunny
2022-08-11,28.8,55.2,4.8,0.0,Sunny
2022-08-12,24.9,40.4,6.4,0.0,Sunny
2022-08-13,28.3,62.0,21.7,0.0,Sunny
2022-08-14,28.6,46.5,23.1,0.0,Sunny
2022-08-15,35.4,48.3,10.5,0.0,Sunny
2022-08-16,33.3,52.7,11.2,0.0,Sunny
2022-08-17,25.0,63.5,18.7,0.0,Sunny
2022-08-18,26.6,55.0,1.0,0.0,Sunny
2022-08-19,22.9,61.1,3.8,0.0,Sunny
2022-08-20,25.4,55.9,21.9,28.7,Rainy
2022-08-21,28.0,41.0,24.3,0.0,Sunny
2022-08-22,30.5,52.9,12.4,0.0,Sunny
2022-08-23,24.6,60.0,15.6,0.0,Sunny
2022-08-24,24.6,39.2,21.8,0.0,Sunny
2022-08-25,20.0,45.8,27.6,0.0,Sunny
2022-08-26,25.8,61.6,11.5,0.0,Sunny
2022-08-27,23.0,56.9,14.9,0.0,Sunny
2022-08-28,24.4,63.5,32.5,21.9,Stormy
2022-08-29,23.2,70.0,5.9,0.0,Sunny
2022-08-30,25.4,59.1,21.2,0.0,Sunny
2022-08-31,20.3,60.8,8.9,0.0,Sunny
2022-09-01,21.0,77.5,16.3,2.4,Cloudy
2022-09-02,31.6,54.3,13.5,0.0,Sunny
2022-09-03,21.2,49.8,9.3,0.0,Sunny
2022-09-04,21.6,59.8,9.1,0.0,Sunny
2022-09-05,30.2,60.1,16.7,0.0,Sunny
2022-09-06,33.3,52.6,21.0,0.0,Sunny
2022-09-07,20.9,48.8,14.2,0.0,Sunny
2022-09-08,23.1,75.7,15.4,0.0,Cloudy
2022-09-09,25.0,60.1,18.4,0.0,Sunny
2022-09-10,29.0,51.8,9.2,0.0,Sunny
2022-09-11,20.7,65.3,19.4,0.0,Sunny
2022-09-12,22.7,57.3,19.9,0.0,Sunny
2022-09-13,25.6,56.4,30.6,0.0,Sunny
2022-09-14,24.4,63.1,12.7,0.0,Sunny
2022-09-15,21.8,48.5,12.3,0.0,Sunny
2022-09-16,22.3,61.9,19.6,0.0,Sunny
2022-09-17,18.4,74.6,23.9,13.4,Rainy
2022-09-18,21.6,63.3,11.8,0.0,Sunny
2022-09-19,21.3,56.8,12.6,0.0,Sunny
2022-09-20,22.6,56.0,18.2,0.0,Sunny
2022-09-21,20.1,57.0,10.0,0.0,Sunny
2022-09-22,23.0,58.5,12.5,0.0,Sunny
2022-09-23,24.4,57.8,15.5,0.0,Sunny
2022-09-24,21.6,68.4,21.0,0.0,Sunny
2022-09-25,22.0,47.4,11.4,0.0,Sunny
2022-09-26,20.9,68.4,5.5,5.3,Rainy
2022-09-27,20.6,58.8,3.5,0.0,Sunny
2022-09-28,18.2,65.1,7.4,0.0,Sunny
2022-09-29,21.1,53.3,7.1,0.0,Sunny
2022-09-30,19.7,73.2,14.1,0.0,Cloudy
2022-10-01,26.0,72.8,11.6,12.5,Rainy
2022-10-02,24.3,70.7,10.8,0.0,Cloudy
2022-10-03,20.5,51.2,10.4,0.0,Sunny
2022-10-04,16.8,70.2,12.4,0.0,Cloudy
2022-10-05,15.6,67.1,22.9,0.0,Sunny
2022-10-06,22.3,51.3,19.0,0.0,Sunny
2022-10-07,19.3,64.2,24.3,30.7,Rainy
2022-10-08,19.8,67.5,12.2,0.0,Sunny
2022-10-09,12.9,69.3,14.0,5.4,Rainy
2022-10-10,20.7,66.5,18.2,4.3,Sunny
2022-10-11,19.1,67.7,18.5,0.0,Sunny
2022-10-12,14.2,77.4,9.6,0.0,Cloudy
2022-10-13,15.9,75.7,15.2,0.0,Cloudy
2022-10-14,17.9,43.2,2.8,0.0,Sunny
2022-10-15,17.0,63.9,16.3,0.0,Sunny
2022-10-16,15.8,65.4,19.6,0.0,Sunny
2022-10-17,16.1,52.9,13.3,0.0,Sunny
2022-10-18,15.5,67.9,25.9,0.0,Sunny
2022-10-19,16.5,77.4,16.4,22.2,Rainy
2022-10-20,20.3,59.0,15.7,0.0,Sunny
2022-10-21,7.9,70.6,22.4,25.3,Rainy
2022-10-22,14.7,60.9,16.2,6.1,Rainy
2022-10-23,15.8,63.1,14.3,0.0,Sunny
2022-10-24,15.9,80.5,15.6,0.0,Cloudy
2022-10-25,13.7,64.6,23.4,11.0,Rainy
2022-10-26,9.4,72.9,25.3,6.7,Rainy
2022-10-27,15.4,54.5,15.0,0.0,Sunny
2022-10-28,19.4,84.6,19.9,0.0,Cloudy
2022-10-29,9.4,74.8,10.8,0.0,Cloudy
2022-10-30,16.4,68.7,19.6,0.0,Sunny
2022-10-31,12.7,75.0,10.4,0.0,Cloudy
2022-11-01,13.3,59.4,21.5,0.0,Sunny
2022-11-02,10.1,80.4,30.9,8.9,Rainy
2022-11-03,12.1,68.5,14.3,0.0,Sunny
2022-11-04,16.8,69.7,1.8,0.0,Sunny
2022-11-05,14.5,67.7,11.7,0.0,Sunny
2022-11-06,17.7,67.2,22.4,0.0,Sunny
2022-11-07,15.9,77.6,15.7,6.0,Rainy
2022-11-08,13.5,74.3,16.5,0.0,Cloudy
2022-11-09,17.2,77.7,21.1,0.0,Cloudy
2022-11-10,13.1,72.7,17.9,0.0,Cloudy
2022-11-11,14.1,77.1,22.3,0.0,Cloudy
2022-11-12,10.6,69.8,20.5,0.0,Sunny
2022-11-13,11.5,91.2,29.5,17.9,Rainy
2022-11-14,9.0,61.1,21.0,12.7,Rainy
2022-11-15,13.9,83.9,20.4,0.0,Cloudy
2022-11-16,7.2,85.0,15.7,2.1,Cloudy
2022-11-17,13.0,67.4,11.4,0.0,Sunny
2022-11-18,9.9,92.3,25.2,0.0,Cloudy
2022-11-19,13.8,82.6,16.8,1.8,Cloudy
2022-11-20,12.4,82.6,21.4,5.2,Rainy
2022-11-21,15.4,75.2,15.7,0.0,Cloudy
2022-11-22,12.0,73.5,11.5,0.0,Cloudy
2022-11-23,5.0,73.7,15.1,0.0,Cloudy
2022-11-24,9.3,78.7,23.6,0.0,Cloudy
2022-11-25,5.9,87.0,19.7,4.6,Cloudy
2022-11-26,7.7,77.4,4.7,0.0,Cloudy
2022-11-27,13.6,68.8,14.2,1.6,Sunny
2022-11-28,10.9,82.9,25.7,0.0,Cloudy
2022-11-29,6.7,83.8,13.7,0.0,Cloudy
2022-11-30,5.7,81.9,4.2,0.0,Cloudy
2022-12-01,8.7,82.7,28.9,8.3,Rainy
2022-12-02,4.8,74.8,20.9,5.9,Rainy
2022-12-03,6.3,69.7,16.2,5.5,Rainy
2022-12-04,17.6,70.3,12.8,0.0,Cloudy
2022-12-05,11.5,64.3,21.5,0.0,Sunny
2022-12-06,9.8,79.4,12.7,3.2,Cloudy
2022-12-07,1.0,77.0,21.9,0.0,Cloudy
2022-12-08,8.7,74.3,18.3,0.0,Cloudy
2022-12-09,7.9,54.3,20.9,14.8,Rainy
2022-12-10,8.8,68.1,18.3,8.0,Rainy
2022-12-11,12.3,87.2,14.5,2.0,Cloudy
2022-12-12,1.2,73.0,21.3,0.0,Cloudy
2022-12-13,5.5,81.3,9.8,0.0,Cloudy
2022-12-14,8.9,67.4,5.3,0.0,Sunny
2022-12-15,2.3,90.2,18.7,0.0,Cloudy
2022-12-16,11.4,77.6,18.8,0.0,Cloudy
2022-12-17,8.0,81.2,17.9,0.0,Cloudy
2022-12-18,9.4,97.6,17.4,0.0,Cloudy
2022-12-19,5.0,91.2,13.1,0.0,Cloudy
2022-12-20,9.1,76.7,19.7,0.0,Cloudy
2022-12-21,9.8,74.5,14.7,0.0,Cloudy
2022-12-22,7.3,76.7,12.1,0.0,Cloudy
2022-12-23,7.2,83.5,13.1,0.0,Cloudy
2022-12-24,7.2,78.6,27.1,0.0,Cloudy
2022-12-25,3.8,76.4,4.6,0.0,Cloudy
2022-12-26,5.9,91.3,18.0,0.0,Cloudy
2022-12-27,5.8,78.7,4.9,0.0,Cloudy
2022-12-28,7.4,98.1,15.8,4.7,Cloudy
2022-12-29,9.2,80.5,12.4,0.0,Cloudy
2022-12-30,3.0,94.1,2.5,0.0,Cloudy
2022-12-31,5.8,82.7,17.3,0.0,Cloudy
2023-01-01,10.6,87.6,16.1,11.3,Rainy
2023-01-02,3.9,74.1,2.4,0.0,Cloudy
2023-01-03,3.6,73.1,20.0,0.0,Cloudy
2023-01-04,6.6,83.6,23.6,0.0,Cloudy
2023-01-05,8.6,87.9,23.9,0.0,Cloudy
2023-01-06,6.0,80.3,17.2,0.0,Cloudy
2023-01-07,10.0,69.7,15.3,0.0,Sunny
2023-01-08,8.6,69.1,26.1,10.5,Rainy
2023-01-09,8.5,68.6,25.1,0.0,Sunny
2023-01-10,7.7,65.9,21.8,0.0,Sunny
2023-01-11,13.0,80.9,9.4,0.0,Cloudy
2023-01-12,5.4,89.0,16.2,0.0,Cloudy
2023-01-13,0.0,79.9,17.6,0.0,Cloudy
2023-01-14,10.9,61.9,4.1,0.0,Sunny
2023-01-15,4.7,78.4,20.4,8.6,Rainy
2023-01-16,6.4,78.6,28.6,0.0,Cloudy
2023-01-17,10.0,96.6,18.8,0.0,Cloudy
2023-01-18,1.3,68.2,26.0,7.2,Rainy
2023-01-19,2.4,76.6,16.1,0.0,Cloudy
2023-01-20,1.4,93.4,21.8,24.1,Rainy
2023-01-21,3.9,83.3,17.3,0.0,Cloudy
2023-01-22,7.6,84.1,11.5,4.5,Cloudy
2023-01-23,7.9,80.5,12.1,0.0,Rainy
2023-01-24,7.2,82.1,24.5,6.4,Rainy
2023-01-25,2.2,85.6,23.2,0.0,Cloudy
2023-01-26,-0.4,72.9,9.1,0.0,Cloudy
2023-01-27,6.8,86.3,20.8,0.0,Cloudy
2023-01-28,5.2,68.2,14.5,0.0,Sunny
2023-01-29,8.1,81.7,15.7,8.4,Rainy
2023-01-30,8.9,80.4,19.4,5.3,Rainy
2023-01-31,7.3,74.0,24.4,11.3,Rainy
2023-02-01,9.2,78.6,15.5,0.0,Cloudy
2023-02-02,7.7,73.7,25.6,7.2,Rainy
2023-02-03,8.7,70.0,16.9,0.0,Sunny
2023-02-04,5.1,75.7,18.7,0.0,Cloudy
2023-02-05,6.8,69.5,17.0,23.3,Rainy
2023-02-06,8.0,80.8,30.5,8.3,Rainy
2023-02-07,10.0,68.9,25.0,23.9,Rainy
2023-02-08,6.4,83.7,19.3,0.0,Cloudy
2023-02-09,9.3,68.4,5.4,0.0,Sunny
2023-02-10,7.0,73.2,10.1,0.0,Cloudy
2023-02-11,7.6,72.6,22.4,0.0,Cloudy
2023-02-12,10.5,88.1,16.7,0.0,Cloudy
2023-02-13,2.2,80.0,3.5,0.0,Cloudy
2023-02-14,4.4,75.5,21.2,0.0,Cloudy
2023-02-15,3.9,81.0,11.7,0.0,Cloudy
2023-02-16,1.5,60.0,23.5,0.0,Sunny
2023-02-17,6.6,76.4,14.5,0.0,Cloudy
2023-02-18,11.0,92.5,16.2,0.0,Cloudy
2023-02-19,8.0,77.4,22.1,0.0,Cloudy
2023-02-20,9.6,76.7,18.9,30.8,Rainy
2023-02-21,12.4,80.4,9.0,0.0,Cloudy
2023-02-22,17.6,83.0,13.8,0.0,Cloudy
2023-02-23,9.3,59.7,22.3,0.0,Rainy
2023-02-24,13.7,62.0,7.0,0.0,Sunny
2023-02-25,10.0,77.0,5.0,0.0,Cloudy
2023-02-26,7.4,69.4,22.4,0.0,Rainy
2023-02-27,8.3,85.4,11.4,0.0,Cloudy
2023-02-28,5.8,72.2,12.6,0.0,Cloudy
2023-03-01,7.7,59.1,3.9,0.0,Sunny
2023-03-02,9.5,64.2,15.7,16.0,Rainy
2023-03-03,13.1,52.1,15.0,0.0,Sunny
2023-03-04,16.0,72.0,20.6,0.0,Cloudy
2023-03-05,6.9,72.2,12.1,5.6,Rainy
2023-03-06,12.4,70.1,24.9,0.0,Cloudy
2023-03-07,8.2,81.9,13.0,0.0,Rainy
2023-03-08,13.0,82.7,11.9,3.4,Cloudy
2023-03-09,11.3,71.5,24.2,0.0,Cloudy
2023-03-10,6.4,55.6,16.3,0.0,Sunny
2023-03-11,14.9,77.3,11.7,0.0,Cloudy
2023-03-12,10.4,76.6,14.1,0.0,Cloudy
2023-03-13,10.8,74.4,23.1,0.0,Cloudy
2023-03-14,9.4,79.6,27.7,12.9,Rainy
2023-03-15,10.8,62.2,10.4,1.0,Sunny
2023-03-16,14.3,87.3,18.1,11.1,Rainy
2023-03-17,12.6,63.3,15.5,0.0,Sunny
2023-03-18,14.4,76.8,11.1,6.7,Rainy
2023-03-19,14.6,57.0,16.6,6.5,Rainy
2023-03-20,17.6,62.9,15.5,1.7,Sunny
2023-03-21,12.9,82.2,21.8,0.0,Cloudy
2023-03-22,9.7,67.7,22.2,0.0,Sunny
2023-03-23,17.5,76.3,13.0,0.0,Cloudy
2023-03-24,13.5,71.2,13.7,0.0,Cloudy
2023-03-25,18.1,68.2,19.0,0.0,Sunny
2023-03-26,16.1,79.7,15.9,14.8,Rainy
2023-03-27,14.7,66.7,18.5,0.0,Sunny
2023-03-28,16.4,54.1,16.6,6.9,Rainy
2023-03-29,21.4,61.7,15.7,0.0,Sunny
2023-03-30,22.0,72.2,9.3,0.0,Cloudy
2023-03-31,16.2,70.7,23.7,0.0,Cloudy
2023-04-01,16.6,54.8,14.1,0.0,Sunny
2023-04-02,19.6,61.3,24.8,0.0,Sunny
2023-04-03,14.0,62.1,11.9,0.0,Sunny
2023-04-04,17.8,63.6,16.7,0.0,Sunny
2023-04-05,16.9,55.3,29.4,0.0,Sunny
2023-04-06,18.1,61.0,8.7,0.0,Sunny
2023-04-07,14.9,59.9,4.2,1.9,Sunny
2023-04-08,17.6,71.7,22.7,0.0,Cloudy
2023-04-09,11.6,71.7,10.0,0.0,Cloudy
2023-04-10,14.6,63.8,14.9,0.0,Sunny
2023-04-11,16.8,61.6,11.5,0.0,Sunny
2023-04-12,17.5,65.6,16.6,0.0,Sunny
2023-04-13,24.4,57.7,9.3,0.0,Sunny
2023-04-14,22.1,54.8,13.9,0.0,Sunny
2023-04-15,16.1,56.2,17.7,0.0,Sunny
2023-04-16,20.3,58.4,9.0,0.0,Sunny
2023-04-17,18.2,53.9,15.7,0.0,Sunny
2023-04-18,18.8,64.2,12.9,0.0,Sunny
2023-04-19,20.4,68.5,6.4,0.0,Sunny
2023-04-20,21.9,49.7,12.5,0.0,Sunny
2023-04-21,19.2,62.4,18.4,9.0,Rainy
2023-04-22,23.7,60.2,15.7,0.0,Sunny
2023-04-23,17.2,64.4,13.4,0.0,Sunny
2023-04-24,20.9,61.3,14.9,0.0,Sunny
2023-04-25,28.9,49.5,11.1,0.0,Sunny
2023-04-26,21.9,50.8,19.1,0.0,Sunny
2023-04-27,25.8,60.9,23.6,0.0,Sunny
2023-04-28,21.9,68.7,12.2,0.0,Sunny
2023-04-29,23.6,42.5,17.9,0.0,Sunny
2023-04-30,21.9,62.7,13.6,0.0,Sunny
2023-05-01,21.7,69.2,17.2,0.0,Sunny
2023-05-02,20.1,58.2,24.4,0.0,Sunny
2023-05-03,23.9,63.6,18.1,0.0,Sunny
2023-05-04,20.3,53.4,4.4,0.0,Sunny
2023-05-05,25.0,57.8,17.7,0.0,Sunny
2023-05-06,26.4,45.5,22.4,0.0,Sunny
2023-05-07,24.5,39.5,13.7,0.0,Sunny
2023-05-08,22.7,65.6,21.0,0.0,Sunny
2023-05-09,25.1,49.9,10.9,0.0,Sunny
2023-05-10,23.0,53.9,6.1,0.0,Sunny
2023-05-11,26.9,46.3,15.8,0.0,Sunny
2023-05-12,18.8,45.9,4.5,0.0,Sunny
2023-05-13,23.4,55.5,16.7,10.5,Rainy
2023-05-14,18.7,50.9,22.7,0.0,Sunny
2023-05-15,20.3,59.5,6.3,9.1,Rainy
2023-05-16,29.1,59.9,7.3,0.0,Sunny
2023-05-17,27.8,58.6,8.8,0.0,Sunny
2023-05-18,23.1,63.5,14.6,0.0,Sunny
2023-05-19,21.0,68.3,12.8,0.0,Sunny
2023-05-20,16.7,46.9,23.4,0.0,Sunny
2023-05-21,24.2,54.8,20.7,0.0,Sunny
2023-05-22,33.2,64.1,18.0,0.0,Sunny
2023-05-23,27.4,65.0,15.9,0.0,Sunny
2023-05-24,24.6,43.3,17.4,0.0,Sunny
2023-05-25,27.8,52.0,9.8,0.0,Sunny
2023-05-26,21.9,65.2,28.8,29.0,Rainy
2023-05-27,25.8,58.2,16.2,26.4,Rainy
2023-05-28,27.1,55.5,20.0,0.0,Sunny
2023-05-29,26.7,52.1,22.1,0.0,Sunny
2023-05-30,29.5,50.6,17.7,4.9,Sunny
2023-05-31,28.3,55.8,13.9,0.0,Sunny
2023-06-01,29.4,51.3,19.3,6.5,Rainy
2023-06-02,25.4,52.8,0.0,0.0,Sunny
2023-06-03,30.3,53.6,16.8,0.0,Sunny
2023-06-04,32.6,47.4,14.3,0.0,Sunny
2023-06-05,24.9,56.9,14.7,0.0,Sunny
2023-06-06,25.3,75.8,15.7,0.0,Cloudy
2023-06-07,32.1,38.2,14.6,0.0,Sunny
2023-06-08,27.6,54.8,8.8,2.1,Sunny
2023-06-09,32.5,46.0,14.2,0.0,Sunny
2023-06-10,27.1,56.6,15.4,0.0,Sunny
2023-06-11,32.9,52.2,15.7,0.0,Sunny
2023-06-12,29.0,57.8,16.0,0.0,Sunny
2023-06-13,29.5,61.0,21.6,1.3,Sunny
2023-06-14,33.5,53.0,8.5,0.0,Sunny
2023-06-15,27.8,60.5,16.1,0.0,Sunny
2023-06-16,26.1,32.5,22.7,0.0,Sunny
2023-06-17,27.7,63.9,4.6,0.0,Sunny
2023-06-18,30.5,54.1,16.1,0.0,Sunny
2023-06-19,24.5,59.6,11.5,0.0,Sunny
2023-06-20,31.2,41.1,12.8,0.0,Sunny
2023-06-21,27.7,44.2,9.6,0.0,Sunny
2023-06-22,32.9,51.9,14.0,0.0,Sunny
2023-06-23,22.3,50.5,26.0,0.0,Sunny
2023-06-24,27.2,52.8,7.4,0.0,Sunny
2023-06-25,24.5,59.2,8.0,0.0,Sunny
2023-06-26,27.2,36.3,7.2,0.0,Sunny
2023-06-27,30.4,58.2,25.4,0.0,Sunny
2023-06-28,29.2,50.4,12.2,0.0,Sunny
2023-06-29,29.0,48.7,14.8,0.0,Sunny
2023-06-30,29.3,38.5,12.6,0.0,Sunny
2023-07-01,30.5,54.2,9.3,0.0,Sunny
2023-07-02,26.9,30.8,13.6,0.0,Sunny
2023-07-03,32.0,55.3,29.7,0.0,Sunny
2023-07-04,31.9,38.1,23.4,0.0,Sunny
2023-07-05,31.1,50.5,9.9,0.0,Sunny
2023-07-06,31.6,49.1,18.9,0.0,Sunny
2023-07-07,30.9,59.4,10.0,0.0,Sunny
2023-07-08,36.1,48.6,4.3,0.0,Sunny
2023-07-09,29.7,44.5,21.1,0.0,Sunny
2023-07-10,29.1,45.9,22.0,0.0,Sunny
2023-07-11,27.7,60.2,21.3,0.0,Sunny
2023-07-12,26.9,54.3,12.2,0.0,Sunny
2023-07-13,26.3,46.9,14.0,0.0,Sunny
2023-07-14,27.3,48.1,19.5,0.0,Sunny
2023-07-15,29.7,37.5,17.3,0.0,Sunny
2023-07-16,30.9,53.2,12.6,0.0,Sunny
2023-07-17,30.1,36.0,5.3,0.0,Sunny
2023-07-18,27.6,56.1,15.7,0.0,Sunny
2023-07-19,32.6,51.2,21.5,0.0,Sunny
2023-07-20,32.0,69.3,7.8,0.0,Sunny
2023-07-21,29.3,41.5,18.8,0.0,Sunny
2023-07-22,27.8,49.5,17.0,0.0,Sunny
2023-07-23,31.4,64.7,19.5,0.0,Sunny
2023-07-24,30.2,59.9,20.2,0.0,Sunny
2023-07-25,25.3,44.9,10.8,0.0,Sunny
2023-07-26,29.4,52.3,9.7,14.7,Rainy
2023-07-27,30.3,50.6,11.8,0.0,Sunny
2023-07-28,26.7,53.0,20.3,0.0,Sunny
2023-07-29,29.9,45.2,11.7,0.0,Sunny
2023-07-30,17.6,50.1,10.8,0.0,Sunny
2023-07-31,33.3,38.2,4.1,0.0,Sunny
2023-08-01,32.9,52.1,27.0,5.0,Sunny
2023-08-02,28.3,54.7,24.1,13.9,Rainy
2023-08-03,30.1,49.4,19.6,0.0,Sunny
2023-08-04,21.7,38.4,20.8,0.0,Sunny
2023-08-05,25.4,59.4,18.5,0.0,Sunny
2023-08-06,27.9,54.5,13.5,0.0,Sunny
2023-08-07,25.4,45.9,14.0,0.0,Sunny
2023-08-08,30.7,49.6,12.4,0.0,Sunny
2023-08-09,34.5,39.9,30.8,0.0,Sunny
2023-08-10,24.8,63.5,18.3,0.0,Sunny
2023-08-11,25.7,47.9,12.2,0.0,Sunny
2023-08-12,28.8,62.1,17.8,0.0,Sunny
2023-08-13,32.9,63.5,8.9,0.0,Sunny
2023-08-14,24.2,57.7,24.0,0.0,Sunny
2023-08-15,28.5,48.4,11.0,0.0,Sunny
2023-08-16,33.1,54.9,21.5,11.6,Rainy
2023-08-17,22.6,51.9,21.4,0.0,Sunny
2023-08-18,23.6,60.2,17.3,0.0,Sunny
2023-08-19,26.0,49.1,15.6,0.0,Sunny
2023-08-20,25.6,41.0,15.1,0.0,Sunny
2023-08-21,29.5,42.7,14.7,0.0,Sunny
2023-08-22,27.6,49.6,11.5,0.0,Sunny
2023-08-23,21.4,44.1,12.3,0.0,Sunny
2023-08-24,28.2,57.5,23.9,0.0,Sunny
2023-08-25,24.7,50.7,14.3,0.0,Sunny
2023-08-26,30.1,73.6,10.3,0.0,Cloudy
2023-08-27,24.3,40.9,11.9,0.0,Sunny
2023-08-28,24.1,56.6,21.6,0.0,Sunny
2023-08-29,27.5,46.1,19.1,0.0,Sunny
2023-08-30,28.0,51.4,18.4,0.0,Sunny
2023-08-31,26.9,56.7,13.5,0.0,Sunny
2023-09-01,20.3,37.2,18.4,0.0,Sunny
2023-09-02,26.8,57.9,18.3,23.8,Rainy
2023-09-03,22.0,71.4,13.4,0.0,Cloudy
2023-09-04,25.6,52.8,20.8,0.0,Sunny
2023-09-05,20.4,58.7,26.3,20.3,Rainy
2023-09-06,25.9,65.0,11.4,7.6,Rainy
2023-09-07,21.9,55.7,14.4,15.3,Rainy
2023-09-08,20.3,52.6,15.7,0.0,Sunny
2023-09-09,26.2,39.3,25.4,0.0,Sunny
2023-09-10,24.6,62.8,3.5,0.0,Sunny
2023-09-11,21.8,57.0,17.9,4.0,Sunny
2023-09-12,27.8,50.1,6.7,0.0,Sunny
2023-09-13,22.0,59.4,11.2,0.0,Sunny
2023-09-14,23.2,54.0,12.8,0.0,Sunny
2023-09-15,23.7,63.5,12.5,0.0,Sunny
2023-09-16,20.9,63.9,14.0,7.2,Rainy
2023-09-17,23.9,48.6,15.0,0.0,Sunny
2023-09-18,20.7,68.0,11.8,0.0,Sunny
2023-09-19,20.9,48.6,6.2,0.0,Sunny
2023-09-20,17.6,54.8,19.7,0.0,Sunny
2023-09-21,18.6,75.7,19.5,0.0,Cloudy
2023-09-22,14.3,69.6,20.1,0.0,Sunny
2023-09-23,26.2,61.6,9.7,13.1,Rainy
2023-09-24,28.8,53.5,16.8,0.0,Sunny
2023-09-25,19.7,57.1,19.1,0.0,Sunny
2023-09-26,15.0,62.1,11.8,9.9,Rainy
2023-09-27,19.6,62.1,19.8,15.8,Rainy
2023-09-28,19.5,61.3,14.3,0.0,Sunny
2023-09-29,19.6,62.1,26.1,0.0,Sunny
2023-09-30,16.6,60.8,26.5,0.0,Sunny
2023-10-01,21.5,51.3,5.0,0.0,Sunny
2023-10-02,21.1,58.9,30.0,0.0,Sunny
2023-10-03,14.9,70.6,9.5,0.0,Cloudy
2023-10-04,21.2,52.6,20.9,0.0,Sunny
2023-10-05,25.1,62.3,20.8,0.0,Sunny
2023-10-06,19.2,57.5,9.0,0.0,Sunny
2023-10-07,17.5,65.2,18.0,0.0,Sunny
2023-10-08,17.9,61.5,14.6,0.9,Sunny
2023-10-09,19.9,76.7,20.8,8.3,Rainy
2023-10-10,12.7,69.2,16.4,0.0,Sunny
2023-10-11,18.2,54.9,22.2,0.0,Sunny
2023-10-12,16.3,71.0,15.7,5.9,Rainy
2023-10-13,22.8,59.7,14.0,0.0,Sunny
2023-10-14,16.5,61.5,27.0,18.0,Rainy
2023-10-15,17.6,63.5,18.5,0.0,Sunny
2023-10-16,13.3,62.7,19.4,0.0,Sunny
2023-10-17,18.2,74.1,14.4,11.1,Rainy
2023-10-18,17.2,61.0,8.7,0.0,Sunny
2023-10-19,13.4,62.5,13.2,5.3,Rainy
2023-10-20,16.4,62.4,11.3,0.0,Sunny
2023-10-21,19.3,63.4,19.7,0.0,Sunny
2023-10-22,14.5,77.0,24.2,11.0,Rainy
2023-10-23,10.2,73.5,14.1,0.0,Cloudy
2023-10-24,15.0,82.4,23.6,0.0,Cloudy
2023-10-25,12.1,87.1,23.2,0.0,Cloudy
2023-10-26,13.6,61.0,16.5,0.0,Sunny
2023-10-27,14.2,70.0,10.1,0.0,Sunny
2023-10-28,9.1,60.3,24.5,0.0,Sunny
2023-10-29,9.2,63.5,14.6,0.0,Sunny
2023-10-30,15.3,65.1,15.8,0.0,Sunny
2023-10-31,17.6,62.0,13.0,0.0,Sunny
2023-11-01,5.8,62.3,9.7,0.0,Sunny
2023-11-02,15.6,69.7,6.2,0.0,Sunny
2023-11-03,13.9,61.4,18.8,0.0,Sunny
2023-11-04,10.8,78.1,17.1,22.7,Rainy
2023-11-05,8.8,64.3,33.4,0.0,Sunny
2023-11-06,15.0,94.3,16.4,26.3,Rainy
2023-11-07,13.4,68.5,7.5,0.0,Sunny
2023-11-08,19.3,72.9,18.1,0.0,Cloudy
2023-11-09,13.2,62.2,24.2,0.0,Sunny
2023-11-10,13.0,86.4,15.4,0.0,Cloudy
2023-11-11,11.1,81.9,18.4,0.0,Cloudy
2023-11-12,13.9,75.6,7.8,12.8,Rainy
2023-11-13,17.6,62.6,10.9,0.0,Sunny
2023-11-14,17.6,75.3,8.6,0.0,Cloudy
2023-11-15,9.4,64.8,3.6,0.0,Sunny
2023-11-16,17.6,85.7,20.3,15.3,Rainy
2023-11-17,9.2,80.7,4.9,11.1,Rainy
2023-11-18,12.8,75.2,7.1,0.0,Cloudy
2023-11-19,14.8,55.1,11.8,0.0,Sunny
2023-11-20,8.8,67.0,10.0,0.0,Sunny
2023-11-21,8.7,80.5,17.4,0.0,Cloudy
2023-11-22,10.8,84.9,16.8,0.0,Cloudy
2023-11-23,8.9,84.3,20.4,0.0,Cloudy
2023-11-24,12.4,62.8,19.5,0.0,Sunny
2023-11-25,2.6,78.2,21.8,0.0,Cloudy
2023-11-26,6.8,84.1,15.2,0.7,Cloudy
2023-11-27,6.8,62.9,16.8,0.0,Sunny
2023-11-28,2.0,76.2,18.1,0.0,Cloudy
2023-11-29,5.9,78.6,15.8,0.0,Cloudy
2023-11-30,6.0,74.2,12.6,0.0,Cloudy
2023-12-01,8.0,62.0,13.0,0.0,Sunny
2023-12-02,11.8,74.3,13.9,12.7,Rainy
2023-12-03,7.6,74.5,17.5,0.0,Cloudy
2023-12-04,5.1,76.1,14.8,1.2,Cloudy
2023-12-05,7.9,72.9,11.0,0.0,Cloudy
2023-12-06,11.1,74.0,14.4,11.1,Rainy
2023-12-07,4.9,77.4,7.7,0.0,Cloudy
2023-12-08,5.0,81.4,20.9,0.0,Cloudy
2023-12-09,9.3,75.5,16.7,4.0,Cloudy
2023-12-10,6.9,74.8,9.8,0.0,Cloudy
2023-12-11,9.4,78.9,19.9,0.0,Cloudy
2023-12-12,7.3,63.0,11.6,0.0,Sunny
2023-12-13,9.4,82.3,8.4,6.3,Rainy
2023-12-14,4.1,78.5,22.8,5.6,Rainy
2023-12-15,7.0,79.0,11.8,0.0,Cloudy
2023-12-16,6.4,86.4,12.5,0.0,Cloudy
2023-12-17,3.3,63.2,15.2,0.0,Sunny
2023-12-18,2.1,63.2,33.2,37.8,Stormy
2023-12-19,8.8,63.5,15.1,0.0,Cloudy
2023-12-20,5.6,79.1,7.8,0.0,Cloudy
2023-12-21,3.6,80.6,20.3,6.7,Rainy
2023-12-22,6.3,75.6,12.1,0.0,Cloudy
2023-12-23,9.9,84.7,28.7,8.0,Rainy
2023-12-24,-0.4,86.9,15.0,0.0,Cloudy
2023-12-25,1.9,83.4,1.6,0.0,Cloudy
2023-12-26,3.6,77.5,17.1,0.0,Cloudy
2023-12-27,10.7,62.8,26.7,0.0,Sunny
2023-12-28,7.1,85.8,25.5,3.4,Cloudy
2023-12-29,8.5,89.5,36.0,33.3,Stormy
2023-12-30,2.7,84.9,10.2,4.3,Cloudy
2023-12-31,2.8,72.8,20.5,0.0,Cloudy
2024-01-01,7.5,85.3,10.7,0.0,Cloudy
2024-01-02,6.3,86.8,18.3,6.5,Rainy
2024-01-03,7.7,92.4,8.4,3.5,Cloudy
2024-01-04,5.5,72.9,11.1,0.0,Cloudy
2024-01-05,6.9,78.2,10.9,0.0,Cloudy
2024-01-06,6.5,86.0,20.4,0.0,Cloudy
2024-01-07,8.3,80.5,19.8,0.0,Cloudy
2024-01-08,8.4,71.1,16.7,0.0,Cloudy
2024-01-09,1.1,83.3,10.3,11.5,Rainy
2024-01-10,-0.7,84.6,13.1,0.0,Cloudy
2024-01-11,9.0,80.7,10.5,0.0,Cloudy
2024-01-12,9.6,81.7,20.6,1.1,Cloudy
2024-01-13,3.0,77.9,22.1,0.0,Cloudy
2024-01-14,0.5,91.8,23.2,6.1,Rainy
2024-01-15,6.4,72.7,15.7,0.0,Cloudy
2024-01-16,8.9,75.2,0.0,0.0,Cloudy
2024-01-17,11.5,79.9,4.4,0.0,Cloudy
2024-01-18,7.7,86.8,23.5,0.0,Cloudy
2024-01-19,5.1,67.8,12.6,0.0,Sunny
2024-01-20,3.5,69.2,10.5,0.0,Sunny
2024-01-21,6.3,63.4,24.9,0.0,Sunny
2024-01-22,5.4,79.9,22.6,0.0,Cloudy
2024-01-23,3.3,70.6,15.1,0.0,Cloudy
2024-01-24,12.6,76.4,17.0,12.6,Rainy
2024-01-25,11.8,84.7,14.2,0.0,Cloudy
2024-01-26,9.9,74.2,16.4,0.0,Cloudy
2024-01-27,3.8,81.1,25.8,4.0,Cloudy
2024-01-28,9.2,76.8,17.5,0.0,Cloudy
2024-01-29,8.6,84.5,19.4,0.0,Cloudy
2024-01-30,8.1,82.8,22.0,0.0,Cloudy
2024-01-31,10.6,73.4,8.0,0.0,Cloudy
2024-02-01,8.9,77.5,19.5,0.0,Cloudy
2024-02-02,9.3,87.1,13.2,0.0,Cloudy
2024-02-03,9.0,81.8,2.0,6.6,Rainy
2024-02-04,8.2,67.3,2.2,0.0,Sunny
2024-02-05,1.9,83.6,8.9,0.0,Cloudy
2024-02-06,7.6,69.6,18.2,0.0,Sunny
2024-02-07,5.8,89.4,15.7,0.0,Cloudy
2024-02-08,3.8,86.2,16.1,0.0,Cloudy
2024-02-09,12.7,80.2,26.7,0.0,Cloudy
2024-02-10,13.0,79.0,7.4,0.0,Cloudy
2024-02-11,12.0,75.9,14.8,0.0,Cloudy
2024-02-12,8.8,82.9,16.8,0.0,Cloudy
2024-02-13,12.2,74.4,13.9,10.9,Rainy
2024-02-14,8.3,79.1,15.2,0.0,Cloudy
2024-02-15,9.0,84.0,5.4,0.0,Cloudy
2024-02-16,5.2,72.4,23.5,0.0,Cloudy
2024-02-17,9.8,71.8,10.9,0.0,Cloudy
2024-02-18,8.9,67.0,27.2,0.0,Sunny
2024-02-19,5.0,67.9,14.8,0.0,Sunny
2024-02-20,8.9,61.6,23.4,7.3,Rainy
2024-02-21,8.9,81.9,14.7,0.0,Cloudy
2024-02-22,14.7,90.3,14.8,0.0,Cloudy
2024-02-23,12.1,87.1,15.7,13.9,Rainy
2024-02-24,9.6,62.5,22.9,23.8,Rainy
2024-02-25,10.5,81.1,16.9,0.0,Cloudy
2024-02-26,10.0,86.5,10.3,0.0,Cloudy
2024-02-27,9.5,71.3,14.2,0.0,Cloudy
2024-02-28,7.0,75.5,14.8,11.6,Rainy
2024-02-29,9.9,58.5,28.8,0.0,Sunny
2024-03-01,8.3,76.5,14.5,0.0,Cloudy
2024-03-02,6.9,65.6,24.3,0.0,Sunny
2024-03-03,12.4,75.5,13.8,0.0,Cloudy
2024-03-04,12.2,61.2,20.4,12.8,Rainy
2024-03-05,5.8,77.8,7.1,0.0,Cloudy
2024-03-06,11.0,81.5,14.4,6.9,Rainy
2024-03-07,14.5,66.8,16.3,0.0,Sunny
2024-03-08,14.9,63.8,24.5,0.0,Sunny
2024-03-09,15.0,55.4,16.3,0.0,Sunny
2024-03-10,12.2,70.3,23.3,0.0,Cloudy
2024-03-11,9.7,67.5,18.8,0.0,Sunny
2024-03-12,9.2,59.5,24.8,0.0,Sunny
2024-03-13,13.7,75.3,14.6,0.0,Cloudy
2024-03-14,13.9,67.9,29.3,0.0,Sunny
2024-03-15,16.9,62.7,12.5,1.3,Sunny
2024-03-16,16.5,66.6,10.4,0.0,Sunny
2024-03-17,13.0,79.4,7.7,0.0,Cloudy
2024-03-18,17.6,75.4,29.0,0.0,Cloudy
2024-03-19,12.8,63.5,19.9,0.0,Sunny
2024-03-20,14.6,75.0,13.0,0.0,Cloudy
2024-03-21,13.5,60.5,22.5,0.0,Sunny
2024-03-22,12.6,69.8,19.1,0.0,Sunny
2024-03-23,15.3,70.5,26.8,0.0,Cloudy
2024-03-24,13.2,65.3,5.7,0.0,Sunny
2024-03-25,13.1,72.3,13.4,0.0,Cloudy
2024-03-26,16.1,62.3,12.2,0.0,Sunny
2024-03-27,14.1,72.4,3.2,0.0,Cloudy
2024-03-28,16.3,72.5,21.4,0.0,Cloudy
2024-03-29,16.6,44.5,13.4,0.0,Sunny
2024-03-30,12.5,77.1,21.6,7.1,Rainy
2024-03-31,14.7,42.9,29.2,0.0,Sunny
2024-04-01,20.7,62.1,12.9,0.0,Sunny
2024-04-02,13.1,75.0,12.5,0.0,Cloudy
2024-04-03,10.4,63.5,15.7,0.0,Sunny
2024-04-04,11.4,54.6,22.0,3.5,Sunny
2024-04-05,17.3,57.3,14.6,9.9,Rainy
2024-04-06,17.5,74.0,14.1,9.7,Rainy
2024-04-07,17.2,50.1,21.3,0.0,Sunny
2024-04-08,21.4,74.3,21.8,15.2,Rainy
2024-04-09,10.0,64.6,2.7,0.0,Sunny
2024-04-10,19.4,55.2,7.6,0.0,Sunny
2024-04-11,23.1,59.8,24.0,0.0,Sunny
2024-04-12,15.2,56.1,17.4,0.0,Sunny
2024-04-13,17.7,70.9,10.4,0.0,Cloudy
2024-04-14,16.8,69.6,19.0,16.9,Rainy
2024-04-15,16.6,49.7,15.1,0.0,Sunny
2024-04-16,18.5,60.0,19.4,0.0,Sunny
2024-04-17,23.9,56.0,9.1,7.4,Rainy
2024-04-18,25.4,73.0,10.7,2.3,Cloudy
2024-04-19,19.0,51.6,16.6,0.0,Sunny
2024-04-20,26.0,75.0,18.9,15.2,Rainy
2024-04-21,20.6,61.7,15.7,0.0,Sunny
2024-04-22,25.9,52.4,7.6,0.0,Sunny
2024-04-23,20.6,56.0,17.1,0.0,Sunny
2024-04-24,21.5,54.8,21.5,0.0,Sunny
2024-04-25,22.4,50.7,19.2,4.1,Sunny
2024-04-26,31.0,61.4,15.8,0.0,Sunny
2024-04-27,24.2,50.6,14.4,0.0,Sunny
2024-04-28,19.7,42.7,10.0,0.0,Sunny
2024-04-29,25.0,56.9,14.6,0.0,Sunny
2024-04-30,21.2,45.3,22.6,0.0,Sunny
2024-05-01,21.0,53.4,14.3,0.0,Sunny
2024-05-02,25.4,51.9,9.7,0.0,Sunny
2024-05-03,22.9,52.0,12.0,0.0,Sunny
2024-05-04,23.8,74.7,16.2,0.0,Cloudy
2024-05-05,23.2,59.0,14.8,6.9,Rainy
2024-05-06,24.4,60.2,17.9,0.0,Sunny
2024-05-07,24.8,43.8,18.1,0.0,Sunny
2024-05-08,17.9,52.6,20.3,0.0,Sunny
2024-05-09,25.9,59.3,30.8,24.1,Stormy
2024-05-10,21.2,49.2,21.0,0.0,Sunny
2024-05-11,20.0,64.4,10.3,2.9,Sunny
2024-05-12,24.3,47.3,9.6,0.0,Sunny
2024-05-13,24.9,63.5,14.5,0.0,Sunny
2024-05-14,22.7,51.8,12.3,0.0,Sunny
2024-05-15,27.5,57.6,8.2,0.0,Sunny
2024-05-16,21.1,51.0,12.3,0.0,Sunny
2024-05-17,24.1,63.5,12.2,0.0,Sunny
2024-05-18,23.7,53.8,11.0,0.0,Sunny
2024-05-19,25.5,63.5,14.0,3.1,Sunny
2024-05-20,26.6,59.2,15.7,0.0,Sunny
2024-05-21,22.9,57.0,16.2,0.0,Sunny
2024-05-22,28.3,54.2,32.8,9.8,Rainy
2024-05-23,26.4,51.3,16.0,0.0,Sunny
2024-05-24,20.7,60.9,13.3,0.0,Sunny
2024-05-25,20.7,52.4,15.0,0.0,Sunny
2024-05-26,26.6,51.7,16.5,0.0,Sunny
2024-05-27,26.2,54.8,17.6,0.0,Sunny
2024-05-28,26.7,67.4,27.5,0.0,Sunny
2024-05-29,27.0,42.9,9.9,0.0,Sunny
2024-05-30,27.9,59.6,20.2,0.0,Sunny
2024-05-31,30.2,38.2,16.2,0.0,Sunny
2024-06-01,24.2,54.9,5.6,0.0,Sunny
2024-06-02,24.1,65.6,19.6,0.0,Sunny
2024-06-03,24.5,56.7,22.6,0.0,Sunny
2024-06-04,28.7,54.0,10.6,2.4,Sunny
2024-06-05,31.7,48.0,14.9,0.0,Sunny
2024-06-06,26.8,52.6,4.6,0.0,Sunny
2024-06-07,20.7,50.2,7.4,0.0,Sunny
2024-06-08,23.2,45.8,21.3,0.0,Sunny
2024-06-09,25.9,49.7,12.2,0.0,Sunny
2024-06-10,26.8,53.4,8.3,0.0,Sunny
2024-06-11,27.4,45.6,16.4,0.0,Sunny
2024-06-12,28.8,45.2,11.9,0.0,Sunny
2024-06-13,27.9,40.6,12.2,0.0,Sunny
2024-06-14,32.0,54.5,19.4,0.0,Sunny
2024-06-15,26.9,55.7,8.0,0.0,Sunny
2024-06-16,26.5,53.0,9.6,0.0,Sunny
2024-06-17,30.6,58.8,15.9,0.0,Sunny
2024-06-18,24.6,51.7,20.8,0.0,Sunny
2024-06-19,30.4,54.0,22.4,0.0,Sunny
2024-06-20,29.7,53.2,11.0,0.0,Sunny
2024-06-21,29.0,50.0,20.6,0.0,Sunny
2024-06-22,34.2,46.4,10.3,0.0,Sunny
2024-06-23,27.7,68.3,26.0,0.0,Sunny
2024-06-24,35.8,46.9,8.2,0.0,Sunny
2024-06-25,29.0,45.1,23.0,0.0,Sunny
2024-06-26,25.9,53.9,11.1,0.0,Sunny
2024-06-27,29.9,52.3,27.1,0.0,Sunny
2024-06-28,26.5,39.0,18.5,0.0,Sunny
2024-06-29,27.6,59.2,8.9,0.0,Sunny
2024-06-30,31.0,49.4,11.9,0.0,Sunny
2024-07-01,31.5,41.3,19.7,0.0,Sunny
2024-07-02,28.0,59.6,23.3,6.5,Rainy
2024-07-03,17.6,55.1,14.6,0.0,Sunny
2024-07-04,33.4,39.9,15.7,0.0,Sunny
2024-07-05,34.3,64.3,19.6,0.0,Sunny
2024-07-06,31.6,55.3,15.8,0.0,Sunny
2024-07-07,34.1,49.9,12.2,16.7,Rainy
2024-07-08,17.6,62.7,10.1,0.0,Sunny
2024-07-09,29.0,51.3,16.4,0.0,Sunny
2024-07-10,27.4,49.8,22.3,0.0,Sunny
2024-07-11,30.4,44.7,24.7,0.0,Sunny
2024-07-12,28.3,54.7,19.7,0.0,Sunny
2024-07-13,29.5,63.5,16.7,0.0,Sunny
2024-07-14,35.6,50.2,19.5,0.0,Sunny
2024-07-15,17.6,43.8,11.0,0.0,Sunny
2024-07-16,31.2,51.1,14.1,0.0,Sunny
2024-07-17,29.2,49.6,10.1,0.0,Sunny
2024-07-18,30.1,39.5,7.5,0.0,Sunny
2024-07-19,29.8,38.4,17.0,0.0,Sunny
2024-07-20,31.1,54.8,16.1,0.0,Sunny
2024-07-21,33.3,29.5,19.1,0.0,Sunny
2024-07-22,34.7,52.0,18.3,0.0,Sunny
2024-07-23,30.6,46.6,16.5,0.0,Sunny
2024-07-24,31.4,60.9,18.3,0.0,Sunny
2024-07-25,26.1,46.6,14.7,0.0,Sunny
2024-07-26,29.2,55.9,17.5,0.0,Sunny
2024-07-27,32.3,47.5,10.6,0.0,Sunny
2024-07-28,32.0,51.7,17.2,0.0,Sunny
2024-07-29,29.9,56.8,19.0,0.0,Sunny
2024-07-30,31.9,47.2,11.0,0.0,Sunny
2024-07-31,30.6,59.0,17.8,8.4,Rainy
2024-08-01,32.7,43.2,11.3,0.0,Sunny
2024-08-02,29.9,53.6,11.8,0.0,Sunny
2024-08-03,27.9,58.7,8.3,0.0,Sunny
2024-08-04,29.8,56.7,22.6,0.0,Sunny
2024-08-05,20.0,66.9,21.4,0.0,Sunny
2024-08-06,29.8,45.6,18.2,0.0,Sunny
2024-08-07,17.6,40.8,26.8,0.0,Sunny
2024-08-08,23.3,44.0,13.9,0.0,Sunny
2024-08-09,29.7,57.3,33.2,0.0,Sunny
2024-08-10,29.7,56.2,15.7,6.7,Rainy
2024-08-11,24.7,53.1,16.5,0.0,Sunny
2024-08-12,25.9,43.5,12.6,0.0,Sunny
2024-08-13,32.0,58.7,17.2,0.0,Sunny
2024-08-14,17.6,43.0,20.0,0.0,Sunny
2024-08-15,34.4,62.2,14.3,0.0,Sunny
2024-08-16,27.5,75.9,25.7,0.0,Cloudy
2024-08-17,28.7,56.1,16.4,0.0,Sunny
2024-08-18,32.1,58.0,16.6,0.0,Sunny
2024-08-19,27.6,49.6,11.9,7.8,Rainy
2024-08-20,24.0,39.2,17.5,0.0,Sunny
2024-08-21,26.6,49.1,14.2,0.0,Sunny
2024-08-22,26.6,45.3,11.4,0.0,Sunny
2024-08-23,22.5,42.7,10.3,0.0,Sunny
2024-08-24,25.7,68.2,15.7,0.0,Sunny
2024-08-25,24.1,56.8,13.4,0.0,Sunny
2024-08-26,28.9,57.8,10.2,13.0,Rainy
2024-08-27,26.1,52.5,10.8,0.0,Sunny
2024-08-28,25.0,53.8,20.4,19.1,Rainy
2024-08-29,25.4,63.1,18.3,0.0,Sunny
2024-08-30,26.2,55.3,18.3,0.0,Sunny
2024-08-31,27.2,60.0,21.8,9.0,Rainy
2024-09-01,22.2,54.4,12.0,2.9,Sunny
2024-09-02,21.9,53.4,17.8,2.6,Sunny
2024-09-03,28.2,45.1,9.7,0.0,Sunny
2024-09-04,23.5,40.8,11.3,0.0,Sunny
2024-09-05,20.3,54.7,9.5,0.0,Sunny
2024-09-06,25.7,57.5,12.8,16.5,Rainy
2024-09-07,25.6,47.0,21.4,0.0,Sunny
2024-09-08,19.4,57.2,19.1,0.0,Sunny
2024-09-09,24.5,58.1,15.7,0.0,Sunny
2024-09-10,25.9,40.7,15.2,0.0,Sunny
2024-09-11,24.6,50.8,19.7,0.0,Sunny
2024-09-12,25.2,61.7,4.4,0.0,Sunny
2024-09-13,18.9,61.7,15.7,0.0,Sunny
2024-09-14,23.9,49.6,16.1,0.0,Sunny
2024-09-15,21.8,60.4,18.8,0.0,Sunny
2024-09-16,21.1,67.5,19.6,7.6,Rainy
2024-09-17,25.0,65.8,9.1,0.0,Sunny
2024-09-18,26.6,59.1,12.5,21.5,Rainy
2024-09-19,27.3,56.3,10.7,0.0,Sunny
2024-09-20,25.7,55.3,18.4,0.0,Sunny
2024-09-21,21.2,64.3,19.1,0.0,Sunny
2024-09-22,22.4,62.4,6.8,0.0,Sunny
2024-09-23,23.5,66.1,9.1,0.0,Sunny
2024-09-24,21.3,62.3,10.7,0.0,Sunny
2024-09-25,21.2,68.1,12.9,0.0,Sunny
2024-09-26,23.0,62.6,6.8,0.0,Sunny
2024-09-27,20.2,63.5,6.5,0.0,Sunny
2024-09-28,18.0,69.3,10.1,0.0,Sunny
2024-09-29,18.7,56.1,15.5,0.0,Sunny
2024-09-30,21.7,48.3,7.9,0.0,Sunny
2024-10-01,19.6,75.4,14.3,0.0,Cloudy
2024-10-02,20.4,65.4,21.4,0.0,Sunny
2024-10-03,21.1,49.9,7.2,0.0,Sunny
2024-10-04,17.8,58.1,13.8,0.0,Sunny
2024-10-05,21.0,70.3,21.1,0.0,Cloudy
2024-10-06,19.7,62.1,13.5,3.4,Sunny
2024-10-07,14.6,60.5,11.6,0.0,Sunny
2024-10-08,22.4,76.1,31.2,30.9,Stormy
2024-10-09,16.4,56.8,13.2,0.0,Sunny
2024-10-10,12.7,59.0,21.6,0.0,Sunny
2024-10-11,14.3,67.3,17.6,0.0,Sunny
2024-10-12,14.2,69.0,15.3,8.0,Rainy
2024-10-13,17.2,70.1,17.9,0.0,Cloudy
2024-10-14,16.0,73.7,17.8,2.8,Cloudy
2024-10-15,15.6,68.3,21.1,0.0,Sunny
2024-10-16,18.3,70.8,11.7,0.0,Cloudy
2024-10-17,17.3,65.1,15.2,0.0,Sunny
2024-10-18,17.0,67.9,14.6,0.0,Sunny
2024-10-19,17.1,68.6,19.2,0.0,Sunny
2024-10-20,17.5,69.7,8.8,0.0,Sunny
2024-10-21,9.1,74.4,21.1,0.0,Cloudy
2024-10-22,14.1,72.9,22.0,13.9,Rainy
2024-10-23,8.5,69.1,7.1,0.0,Sunny
2024-10-24,14.9,62.5,22.2,0.0,Sunny
2024-10-25,14.6,69.7,32.9,15.0,Rainy
2024-10-26,17.6,69.2,21.0,0.0,Sunny
2024-10-27,17.8,71.2,23.6,0.0,Cloudy
2024-10-28,14.7,87.6,15.5,0.0,Cloudy
2024-10-29,12.4,66.0,5.0,0.0,Sunny
2024-10-30,15.1,73.8,3.9,0.0,Cloudy
2024-10-31,11.9,79.2,22.7,20.6,Rainy
2024-11-01,13.3,71.7,11.4,0.0,Cloudy
2024-11-02,16.0,89.8,11.9,8.1,Rainy
2024-11-03,11.2,68.4,14.6,0.0,Sunny
2024-11-04,15.1,74.2,18.7,0.0,Cloudy
2024-11-05,14.6,65.4,6.3,0.0,Sunny
2024-11-06,9.5,69.3,13.4,3.8,Sunny
2024-11-07,15.1,74.3,26.2,7.1,Rainy
2024-11-08,14.1,79.3,8.5,0.0,Cloudy
2024-11-09,12.1,75.3,20.2,0.0,Cloudy
2024-11-10,9.3,83.0,12.1,0.0,Cloudy
2024-11-11,8.9,72.4,18.3,0.0,Cloudy
2024-11-12,9.7,70.7,21.6,0.0,Cloudy
2024-11-13,12.7,95.2,22.0,8.5,Rainy
2024-11-14,8.1,77.0,20.5,0.0,Cloudy
2024-11-15,12.1,68.3,9.8,5.7,Rainy
2024-11-16,6.9,68.7,21.7,0.0,Sunny
2024-11-17,9.8,66.9,11.8,6.4,Rainy
2024-11-18,10.6,82.1,19.0,8.2,Rainy
2024-11-19,17.5,71.9,16.5,0.0,Cloudy
2024-11-20,5.9,76.0,17.9,0.0,Cloudy
2024-11-21,14.2,74.7,22.9,19.7,Rainy
2024-11-22,10.1,81.3,11.9,6.7,Rainy
2024-11-23,10.8,68.8,6.9,0.0,Sunny
2024-11-24,9.7,67.2,20.2,0.0,Sunny
2024-11-25,10.6,77.7,27.8,38.8,Rainy
2024-11-26,8.6,80.9,21.9,0.0,Cloudy
2024-11-27,13.3,79.0,17.6,9.4,Rainy
2024-11-28,7.5,70.0,6.6,0.0,Sunny
2024-11-29,12.1,63.5,20.8,0.0,Cloudy
2024-11-30,6.6,70.8,14.4,5.3,Rainy
2024-12-01,8.3,72.8,19.2,7.0,Rainy
2024-12-02,5.1,69.5,13.0,6.3,Rainy
2024-12-03,9.6,87.7,28.9,13.4,Rainy
2024-12-04,12.4,82.5,12.1,7.9,Rainy
2024-12-05,7.7,82.4,13.0,0.0,Cloudy
2024-12-06,7.3,87.7,15.6,0.0,Cloudy
2024-12-07,4.4,100.0,9.4,3.1,Cloudy
2024-12-08,7.0,64.3,17.0,0.0,Sunny
2024-12-09,2.8,72.2,24.7,0.0,Cloudy
2024-12-10,4.7,73.3,12.1,0.0,Cloudy
2024-12-11,8.0,71.5,23.2,19.3,Rainy
2024-12-12,11.2,69.8,0.0,0.0,Sunny
2024-12-13,15.6,76.2,14.8,0.0,Cloudy
2024-12-14,5.3,68.9,14.7,5.2,Rainy
2024-12-15,11.3,81.4,11.5,4.8,Cloudy
2024-12-16,7.6,79.3,21.5,0.0,Cloudy
2024-12-17,6.4,82.8,13.0,0.0,Cloudy
2024-12-18,8.1,83.1,14.3,1.1,Cloudy
2024-12-19,6.9,84.0,12.7,0.0,Cloudy
2024-12-20,7.0,76.2,3.5,0.0,Cloudy
2024-12-21,5.3,96.3,8.2,0.0,Cloudy
2024-12-22,2.3,81.3,20.8,0.0,Cloudy
2024-12-23,1.8,64.6,5.3,9.8,Rainy
2024-12-24,8.3,71.5,10.4,0.0,Cloudy
2024-12-25,5.5,65.7,12.6,0.0,Sunny
2024-12-26,4.5,79.8,25.5,0.0,Cloudy
2024-12-27,6.3,78.7,19.6,0.0,Cloudy
2024-12-28,8.6,76.0,11.7,0.0,Cloudy
2024-12-29,6.7,95.9,23.7,2.8,Cloudy
2024-12-30,4.2,84.2,12.6,6.9,Rainy
